<?xml version="1.0" encoding="UTF-8" standalone="no" ?><CAERep ObjId="254" Type="CAERep" Ver="2"><AnswerSetID PropType="unsigned int">34</AnswerSetID><DSEnvironmentID PropType="int">33</DSEnvironmentID><Goal PropType="string">RunSolver</Goal><HasBetaKeyOn PropType="bool">false</HasBetaKeyOn><InProcess PropType="bool">true</InProcess><LastDatabaseId PropType="unsigned int">388</LastDatabaseId><NumProcessorsForPost PropType="int">0</NumProcessorsForPost><PID_Legacy_Solve PropType="int">0</PID_Legacy_Solve><PartialCode PropType="int">1</PartialCode><ProductVersion PropType="string">18.1 RELEASE</ProductVersion><ProductVersionForSec PropType="string">18.1</ProductVersionForSec><ProjectName PropType="string">Sim--Transient Thermal (A5)</ProjectName><ReturnCode PropType="int">1</ReturnCode><SolveInvokedFromAddin PropType="int">0</SolveInvokedFromAddin><SysvarMap PropType="map&lt;string,string>"><Entry key="DSSolver ProgId">AMKSolver.AMKSolver.181</Entry></SysvarMap><EngineeringRep ObjId="255" Type="EngineeringRep" Ver="2"><BCRep ObjId="258" Type="BCRep" Ver="2"><StepEndTimes PropType="vector&lt;double>" UCat="Time" Unt="s">    1,    2,    3,    4</StepEndTimes><InitialConditionsRep ObjId="38" Type="CAERepBase" Ver="2"><InitialTemperature PropType="double" UCat="Temperature" Unt="degree C">   22</InitialTemperature></InitialConditionsRep><ContactRep ObjId="212" Type="ContactRep" Ver="3"><Behavior PropType="string">ProgramControlled</Behavior><Breakable PropType="string">No</Breakable><Caption PropType="string">Contact Region</Caption><CondensedPartId PropType="int">0</CondensedPartId><DecayConstant PropType="double">    0</DecayConstant><DetectionMethod PropType="string">ProgramControlled</DetectionMethod><DynamicCoefficient PropType="double">    0</DynamicCoefficient><Formulation PropType="string">ProgramControlledContact</Formulation><MaximumOffset PropType="double" UCat="Length" Unt="m">1e-007</MaximumOffset><Restitution PropType="double">    1</Restitution><Scoping PropType="vector&lt;string>">213,214</Scoping><ScopingSubset0 PropType="vector&lt;string>">213</ScopingSubset0><ScopingSubset1 PropType="vector&lt;string>">214</ScopingSubset1><SourceBodyIds PropType="vector&lt;unsigned int>">730</SourceBodyIds><StaticCoefficient PropType="double">    0</StaticCoefficient><TargetBodyIds PropType="vector&lt;unsigned int>">769</TargetBodyIds><TrimTolerance PropType="double" UCat="Length" Unt="m">2.559212953670987e-005</TrimTolerance><TrimType PropType="string">ProgramControlled</TrimType><Type PropType="string">Bonded</Type><UseAutoElasticSlipTolerance PropType="string">ProgramControlled</UseAutoElasticSlipTolerance><SourceReference ObjId="316" Type="CAERepBase" Ver="2"><ReferenceId PropType="unsigned int">731</ReferenceId><ReferenceType PropType="vector&lt;string>">Face,Plane</ReferenceType></SourceReference><TargetReference ObjId="317" Type="CAERepBase" Ver="2"><ReferenceId PropType="unsigned int">775</ReferenceId><ReferenceType PropType="vector&lt;string>">Face,Plane</ReferenceType></TargetReference><Pinball ObjId="315" Type="Pinball" Ver="2"><Type PropType="string">ProgramControlled</Type></Pinball><ProgramControlledContact ObjId="314" Type="ProgramControlledContact" Ver="2"><UpdateStiffness PropType="string">Never</UpdateStiffness><UseAutoElectricalConductance PropType="bool">true</UseAutoElectricalConductance><UseAutoNormalStiffness PropType="bool">true</UseAutoNormalStiffness><UseAutoThermalConductance PropType="bool">true</UseAutoThermalConductance></ProgramControlledContact></ContactRep><ContactRep ObjId="215" Type="ContactRep" Ver="3"><Behavior PropType="string">ProgramControlled</Behavior><Breakable PropType="string">No</Breakable><Caption PropType="string">Contact Region 2</Caption><CondensedPartId PropType="int">0</CondensedPartId><DecayConstant PropType="double">    0</DecayConstant><DetectionMethod PropType="string">ProgramControlled</DetectionMethod><DynamicCoefficient PropType="double">    0</DynamicCoefficient><Formulation PropType="string">ProgramControlledContact</Formulation><MaximumOffset PropType="double" UCat="Length" Unt="m">1e-007</MaximumOffset><Restitution PropType="double">    1</Restitution><Scoping PropType="vector&lt;string>">216,217</Scoping><ScopingSubset0 PropType="vector&lt;string>">216</ScopingSubset0><ScopingSubset1 PropType="vector&lt;string>">217</ScopingSubset1><SourceBodyIds PropType="vector&lt;unsigned int>">730,730</SourceBodyIds><StaticCoefficient PropType="double">    0</StaticCoefficient><TargetBodyIds PropType="vector&lt;unsigned int>">841,841</TargetBodyIds><TrimTolerance PropType="double" UCat="Length" Unt="m">2.559212953670987e-005</TrimTolerance><TrimType PropType="string">ProgramControlled</TrimType><Type PropType="string">Bonded</Type><UseAutoElasticSlipTolerance PropType="string">ProgramControlled</UseAutoElasticSlipTolerance><SourceReference ObjId="320" Type="CAERepBase" Ver="2"><ReferenceId PropType="unsigned int">732</ReferenceId><ReferenceType PropType="vector&lt;string>">Face,Plane</ReferenceType></SourceReference><SourceReference ObjId="321" Type="CAERepBase" Ver="2"><ReferenceId PropType="unsigned int">733</ReferenceId><ReferenceType PropType="vector&lt;string>">Face,Plane</ReferenceType></SourceReference><TargetReference ObjId="322" Type="CAERepBase" Ver="2"><ReferenceId PropType="unsigned int">842</ReferenceId><ReferenceType PropType="vector&lt;string>">Face,Plane</ReferenceType></TargetReference><TargetReference ObjId="323" Type="CAERepBase" Ver="2"><ReferenceId PropType="unsigned int">845</ReferenceId><ReferenceType PropType="vector&lt;string>">Face,Plane</ReferenceType></TargetReference><Pinball ObjId="319" Type="Pinball" Ver="2"><Type PropType="string">ProgramControlled</Type></Pinball><ProgramControlledContact ObjId="318" Type="ProgramControlledContact" Ver="2"><UpdateStiffness PropType="string">Never</UpdateStiffness><UseAutoElectricalConductance PropType="bool">true</UseAutoElectricalConductance><UseAutoNormalStiffness PropType="bool">true</UseAutoNormalStiffness><UseAutoThermalConductance PropType="bool">true</UseAutoThermalConductance></ProgramControlledContact></ContactRep><ContactRep ObjId="218" Type="ContactRep" Ver="3"><Behavior PropType="string">ProgramControlled</Behavior><Breakable PropType="string">No</Breakable><Caption PropType="string">Contact Region 3</Caption><CondensedPartId PropType="int">0</CondensedPartId><DecayConstant PropType="double">    0</DecayConstant><DetectionMethod PropType="string">ProgramControlled</DetectionMethod><DynamicCoefficient PropType="double">    0</DynamicCoefficient><Formulation PropType="string">ProgramControlledContact</Formulation><MaximumOffset PropType="double" UCat="Length" Unt="m">1e-007</MaximumOffset><Restitution PropType="double">    1</Restitution><Scoping PropType="vector&lt;string>">219,220</Scoping><ScopingSubset0 PropType="vector&lt;string>">219</ScopingSubset0><ScopingSubset1 PropType="vector&lt;string>">220</ScopingSubset1><SourceBodyIds PropType="vector&lt;unsigned int>">730</SourceBodyIds><StaticCoefficient PropType="double">    0</StaticCoefficient><TargetBodyIds PropType="vector&lt;unsigned int>">874</TargetBodyIds><TrimTolerance PropType="double" UCat="Length" Unt="m">2.559212953670987e-005</TrimTolerance><TrimType PropType="string">ProgramControlled</TrimType><Type PropType="string">Bonded</Type><UseAutoElasticSlipTolerance PropType="string">ProgramControlled</UseAutoElasticSlipTolerance><SourceReference ObjId="326" Type="CAERepBase" Ver="2"><ReferenceId PropType="unsigned int">738</ReferenceId><ReferenceType PropType="vector&lt;string>">Face,Plane</ReferenceType></SourceReference><TargetReference ObjId="327" Type="CAERepBase" Ver="2"><ReferenceId PropType="unsigned int">882</ReferenceId><ReferenceType PropType="vector&lt;string>">Face,Plane</ReferenceType></TargetReference><Pinball ObjId="325" Type="Pinball" Ver="2"><Type PropType="string">ProgramControlled</Type></Pinball><ProgramControlledContact ObjId="324" Type="ProgramControlledContact" Ver="2"><UpdateStiffness PropType="string">Never</UpdateStiffness><UseAutoElectricalConductance PropType="bool">true</UseAutoElectricalConductance><UseAutoNormalStiffness PropType="bool">true</UseAutoNormalStiffness><UseAutoThermalConductance PropType="bool">true</UseAutoThermalConductance></ProgramControlledContact></ContactRep><ContactRep ObjId="221" Type="ContactRep" Ver="3"><Behavior PropType="string">ProgramControlled</Behavior><Breakable PropType="string">No</Breakable><Caption PropType="string">Contact Region 4</Caption><CondensedPartId PropType="int">0</CondensedPartId><DecayConstant PropType="double">    0</DecayConstant><DetectionMethod PropType="string">ProgramControlled</DetectionMethod><DynamicCoefficient PropType="double">    0</DynamicCoefficient><Formulation PropType="string">ProgramControlledContact</Formulation><MaximumOffset PropType="double" UCat="Length" Unt="m">1e-007</MaximumOffset><Restitution PropType="double">    1</Restitution><Scoping PropType="vector&lt;string>">222,223</Scoping><ScopingSubset0 PropType="vector&lt;string>">222</ScopingSubset0><ScopingSubset1 PropType="vector&lt;string>">223</ScopingSubset1><SourceBodyIds PropType="vector&lt;unsigned int>">730,730</SourceBodyIds><StaticCoefficient PropType="double">    0</StaticCoefficient><TargetBodyIds PropType="vector&lt;unsigned int>">913,913</TargetBodyIds><TrimTolerance PropType="double" UCat="Length" Unt="m">2.559212953670987e-005</TrimTolerance><TrimType PropType="string">ProgramControlled</TrimType><Type PropType="string">Bonded</Type><UseAutoElasticSlipTolerance PropType="string">ProgramControlled</UseAutoElasticSlipTolerance><SourceReference ObjId="330" Type="CAERepBase" Ver="2"><ReferenceId PropType="unsigned int">735</ReferenceId><ReferenceType PropType="vector&lt;string>">Face,Plane</ReferenceType></SourceReference><SourceReference ObjId="331" Type="CAERepBase" Ver="2"><ReferenceId PropType="unsigned int">736</ReferenceId><ReferenceType PropType="vector&lt;string>">Face,Plane</ReferenceType></SourceReference><TargetReference ObjId="332" Type="CAERepBase" Ver="2"><ReferenceId PropType="unsigned int">910</ReferenceId><ReferenceType PropType="vector&lt;string>">Face,Plane</ReferenceType></TargetReference><TargetReference ObjId="333" Type="CAERepBase" Ver="2"><ReferenceId PropType="unsigned int">911</ReferenceId><ReferenceType PropType="vector&lt;string>">Face,Plane</ReferenceType></TargetReference><Pinball ObjId="329" Type="Pinball" Ver="2"><Type PropType="string">ProgramControlled</Type></Pinball><ProgramControlledContact ObjId="328" Type="ProgramControlledContact" Ver="2"><UpdateStiffness PropType="string">Never</UpdateStiffness><UseAutoElectricalConductance PropType="bool">true</UseAutoElectricalConductance><UseAutoNormalStiffness PropType="bool">true</UseAutoNormalStiffness><UseAutoThermalConductance PropType="bool">true</UseAutoThermalConductance></ProgramControlledContact></ContactRep><ContactRep ObjId="224" Type="ContactRep" Ver="3"><Behavior PropType="string">ProgramControlled</Behavior><Breakable PropType="string">No</Breakable><Caption PropType="string">Contact Region 5</Caption><CondensedPartId PropType="int">0</CondensedPartId><DecayConstant PropType="double">    0</DecayConstant><DetectionMethod PropType="string">ProgramControlled</DetectionMethod><DynamicCoefficient PropType="double">    0</DynamicCoefficient><Formulation PropType="string">ProgramControlledContact</Formulation><MaximumOffset PropType="double" UCat="Length" Unt="m">1e-007</MaximumOffset><Restitution PropType="double">    1</Restitution><Scoping PropType="vector&lt;string>">225,226</Scoping><ScopingSubset0 PropType="vector&lt;string>">225</ScopingSubset0><ScopingSubset1 PropType="vector&lt;string>">226</ScopingSubset1><SourceBodyIds PropType="vector&lt;unsigned int>">769</SourceBodyIds><StaticCoefficient PropType="double">    0</StaticCoefficient><TargetBodyIds PropType="vector&lt;unsigned int>">808</TargetBodyIds><TrimTolerance PropType="double" UCat="Length" Unt="m">2.559212953670987e-005</TrimTolerance><TrimType PropType="string">ProgramControlled</TrimType><Type PropType="string">Bonded</Type><UseAutoElasticSlipTolerance PropType="string">ProgramControlled</UseAutoElasticSlipTolerance><SourceReference ObjId="336" Type="CAERepBase" Ver="2"><ReferenceId PropType="unsigned int">774</ReferenceId><ReferenceType PropType="vector&lt;string>">Face,Plane</ReferenceType></SourceReference><TargetReference ObjId="337" Type="CAERepBase" Ver="2"><ReferenceId PropType="unsigned int">814</ReferenceId><ReferenceType PropType="vector&lt;string>">Face,Plane</ReferenceType></TargetReference><Pinball ObjId="335" Type="Pinball" Ver="2"><Type PropType="string">ProgramControlled</Type></Pinball><ProgramControlledContact ObjId="334" Type="ProgramControlledContact" Ver="2"><UpdateStiffness PropType="string">Never</UpdateStiffness><UseAutoElectricalConductance PropType="bool">true</UseAutoElectricalConductance><UseAutoNormalStiffness PropType="bool">true</UseAutoNormalStiffness><UseAutoThermalConductance PropType="bool">true</UseAutoThermalConductance></ProgramControlledContact></ContactRep><ContactRep ObjId="227" Type="ContactRep" Ver="3"><Behavior PropType="string">ProgramControlled</Behavior><Breakable PropType="string">No</Breakable><Caption PropType="string">Contact Region 6</Caption><CondensedPartId PropType="int">0</CondensedPartId><DecayConstant PropType="double">    0</DecayConstant><DetectionMethod PropType="string">ProgramControlled</DetectionMethod><DynamicCoefficient PropType="double">    0</DynamicCoefficient><Formulation PropType="string">ProgramControlledContact</Formulation><MaximumOffset PropType="double" UCat="Length" Unt="m">1e-007</MaximumOffset><Restitution PropType="double">    1</Restitution><Scoping PropType="vector&lt;string>">228,229</Scoping><ScopingSubset0 PropType="vector&lt;string>">228</ScopingSubset0><ScopingSubset1 PropType="vector&lt;string>">229</ScopingSubset1><SourceBodyIds PropType="vector&lt;unsigned int>">769,769</SourceBodyIds><StaticCoefficient PropType="double">    0</StaticCoefficient><TargetBodyIds PropType="vector&lt;unsigned int>">841,841</TargetBodyIds><TrimTolerance PropType="double" UCat="Length" Unt="m">2.559212953670987e-005</TrimTolerance><TrimType PropType="string">ProgramControlled</TrimType><Type PropType="string">Bonded</Type><UseAutoElasticSlipTolerance PropType="string">ProgramControlled</UseAutoElasticSlipTolerance><SourceReference ObjId="340" Type="CAERepBase" Ver="2"><ReferenceId PropType="unsigned int">776</ReferenceId><ReferenceType PropType="vector&lt;string>">Face,Plane</ReferenceType></SourceReference><SourceReference ObjId="341" Type="CAERepBase" Ver="2"><ReferenceId PropType="unsigned int">773</ReferenceId><ReferenceType PropType="vector&lt;string>">Face,Plane</ReferenceType></SourceReference><TargetReference ObjId="342" Type="CAERepBase" Ver="2"><ReferenceId PropType="unsigned int">842</ReferenceId><ReferenceType PropType="vector&lt;string>">Face,Plane</ReferenceType></TargetReference><TargetReference ObjId="343" Type="CAERepBase" Ver="2"><ReferenceId PropType="unsigned int">845</ReferenceId><ReferenceType PropType="vector&lt;string>">Face,Plane</ReferenceType></TargetReference><Pinball ObjId="339" Type="Pinball" Ver="2"><Type PropType="string">ProgramControlled</Type></Pinball><ProgramControlledContact ObjId="338" Type="ProgramControlledContact" Ver="2"><UpdateStiffness PropType="string">Never</UpdateStiffness><UseAutoElectricalConductance PropType="bool">true</UseAutoElectricalConductance><UseAutoNormalStiffness PropType="bool">true</UseAutoNormalStiffness><UseAutoThermalConductance PropType="bool">true</UseAutoThermalConductance></ProgramControlledContact></ContactRep><ContactRep ObjId="230" Type="ContactRep" Ver="3"><Behavior PropType="string">ProgramControlled</Behavior><Breakable PropType="string">No</Breakable><Caption PropType="string">Contact Region 7</Caption><CondensedPartId PropType="int">0</CondensedPartId><DecayConstant PropType="double">    0</DecayConstant><DetectionMethod PropType="string">ProgramControlled</DetectionMethod><DynamicCoefficient PropType="double">    0</DynamicCoefficient><Formulation PropType="string">ProgramControlledContact</Formulation><MaximumOffset PropType="double" UCat="Length" Unt="m">1e-007</MaximumOffset><Restitution PropType="double">    1</Restitution><Scoping PropType="vector&lt;string>">231,232</Scoping><ScopingSubset0 PropType="vector&lt;string>">231</ScopingSubset0><ScopingSubset1 PropType="vector&lt;string>">232</ScopingSubset1><SourceBodyIds PropType="vector&lt;unsigned int>">769,769</SourceBodyIds><StaticCoefficient PropType="double">    0</StaticCoefficient><TargetBodyIds PropType="vector&lt;unsigned int>">913,913</TargetBodyIds><TrimTolerance PropType="double" UCat="Length" Unt="m">2.559212953670987e-005</TrimTolerance><TrimType PropType="string">ProgramControlled</TrimType><Type PropType="string">Bonded</Type><UseAutoElasticSlipTolerance PropType="string">ProgramControlled</UseAutoElasticSlipTolerance><SourceReference ObjId="346" Type="CAERepBase" Ver="2"><ReferenceId PropType="unsigned int">777</ReferenceId><ReferenceType PropType="vector&lt;string>">Face,Plane</ReferenceType></SourceReference><SourceReference ObjId="347" Type="CAERepBase" Ver="2"><ReferenceId PropType="unsigned int">771</ReferenceId><ReferenceType PropType="vector&lt;string>">Face,Plane</ReferenceType></SourceReference><TargetReference ObjId="348" Type="CAERepBase" Ver="2"><ReferenceId PropType="unsigned int">910</ReferenceId><ReferenceType PropType="vector&lt;string>">Face,Plane</ReferenceType></TargetReference><TargetReference ObjId="349" Type="CAERepBase" Ver="2"><ReferenceId PropType="unsigned int">911</ReferenceId><ReferenceType PropType="vector&lt;string>">Face,Plane</ReferenceType></TargetReference><Pinball ObjId="345" Type="Pinball" Ver="2"><Type PropType="string">ProgramControlled</Type></Pinball><ProgramControlledContact ObjId="344" Type="ProgramControlledContact" Ver="2"><UpdateStiffness PropType="string">Never</UpdateStiffness><UseAutoElectricalConductance PropType="bool">true</UseAutoElectricalConductance><UseAutoNormalStiffness PropType="bool">true</UseAutoNormalStiffness><UseAutoThermalConductance PropType="bool">true</UseAutoThermalConductance></ProgramControlledContact></ContactRep><ContactRep ObjId="233" Type="ContactRep" Ver="3"><Behavior PropType="string">ProgramControlled</Behavior><Breakable PropType="string">No</Breakable><Caption PropType="string">Contact Region 8</Caption><CondensedPartId PropType="int">0</CondensedPartId><DecayConstant PropType="double">    0</DecayConstant><DetectionMethod PropType="string">ProgramControlled</DetectionMethod><DynamicCoefficient PropType="double">    0</DynamicCoefficient><Formulation PropType="string">ProgramControlledContact</Formulation><MaximumOffset PropType="double" UCat="Length" Unt="m">1e-007</MaximumOffset><Restitution PropType="double">    1</Restitution><Scoping PropType="vector&lt;string>">234,235</Scoping><ScopingSubset0 PropType="vector&lt;string>">234</ScopingSubset0><ScopingSubset1 PropType="vector&lt;string>">235</ScopingSubset1><SourceBodyIds PropType="vector&lt;unsigned int>">808,808</SourceBodyIds><StaticCoefficient PropType="double">    0</StaticCoefficient><TargetBodyIds PropType="vector&lt;unsigned int>">841,841</TargetBodyIds><TrimTolerance PropType="double" UCat="Length" Unt="m">2.559212953670987e-005</TrimTolerance><TrimType PropType="string">ProgramControlled</TrimType><Type PropType="string">Bonded</Type><UseAutoElasticSlipTolerance PropType="string">ProgramControlled</UseAutoElasticSlipTolerance><SourceReference ObjId="352" Type="CAERepBase" Ver="2"><ReferenceId PropType="unsigned int">813</ReferenceId><ReferenceType PropType="vector&lt;string>">Face,Plane</ReferenceType></SourceReference><SourceReference ObjId="353" Type="CAERepBase" Ver="2"><ReferenceId PropType="unsigned int">815</ReferenceId><ReferenceType PropType="vector&lt;string>">Face,Plane</ReferenceType></SourceReference><TargetReference ObjId="354" Type="CAERepBase" Ver="2"><ReferenceId PropType="unsigned int">842</ReferenceId><ReferenceType PropType="vector&lt;string>">Face,Plane</ReferenceType></TargetReference><TargetReference ObjId="355" Type="CAERepBase" Ver="2"><ReferenceId PropType="unsigned int">845</ReferenceId><ReferenceType PropType="vector&lt;string>">Face,Plane</ReferenceType></TargetReference><Pinball ObjId="351" Type="Pinball" Ver="2"><Type PropType="string">ProgramControlled</Type></Pinball><ProgramControlledContact ObjId="350" Type="ProgramControlledContact" Ver="2"><UpdateStiffness PropType="string">Never</UpdateStiffness><UseAutoElectricalConductance PropType="bool">true</UseAutoElectricalConductance><UseAutoNormalStiffness PropType="bool">true</UseAutoNormalStiffness><UseAutoThermalConductance PropType="bool">true</UseAutoThermalConductance></ProgramControlledContact></ContactRep><ContactRep ObjId="236" Type="ContactRep" Ver="3"><Behavior PropType="string">ProgramControlled</Behavior><Breakable PropType="string">No</Breakable><Caption PropType="string">Contact Region 9</Caption><CondensedPartId PropType="int">0</CondensedPartId><DecayConstant PropType="double">    0</DecayConstant><DetectionMethod PropType="string">ProgramControlled</DetectionMethod><DynamicCoefficient PropType="double">    0</DynamicCoefficient><Formulation PropType="string">ProgramControlledContact</Formulation><MaximumOffset PropType="double" UCat="Length" Unt="m">1e-007</MaximumOffset><Restitution PropType="double">    1</Restitution><Scoping PropType="vector&lt;string>">237,238</Scoping><ScopingSubset0 PropType="vector&lt;string>">237</ScopingSubset0><ScopingSubset1 PropType="vector&lt;string>">238</ScopingSubset1><SourceBodyIds PropType="vector&lt;unsigned int>">808,808</SourceBodyIds><StaticCoefficient PropType="double">    0</StaticCoefficient><TargetBodyIds PropType="vector&lt;unsigned int>">913,913</TargetBodyIds><TrimTolerance PropType="double" UCat="Length" Unt="m">2.559212953670987e-005</TrimTolerance><TrimType PropType="string">ProgramControlled</TrimType><Type PropType="string">Bonded</Type><UseAutoElasticSlipTolerance PropType="string">ProgramControlled</UseAutoElasticSlipTolerance><SourceReference ObjId="358" Type="CAERepBase" Ver="2"><ReferenceId PropType="unsigned int">812</ReferenceId><ReferenceType PropType="vector&lt;string>">Face,Plane</ReferenceType></SourceReference><SourceReference ObjId="359" Type="CAERepBase" Ver="2"><ReferenceId PropType="unsigned int">809</ReferenceId><ReferenceType PropType="vector&lt;string>">Face,Plane</ReferenceType></SourceReference><TargetReference ObjId="360" Type="CAERepBase" Ver="2"><ReferenceId PropType="unsigned int">910</ReferenceId><ReferenceType PropType="vector&lt;string>">Face,Plane</ReferenceType></TargetReference><TargetReference ObjId="361" Type="CAERepBase" Ver="2"><ReferenceId PropType="unsigned int">911</ReferenceId><ReferenceType PropType="vector&lt;string>">Face,Plane</ReferenceType></TargetReference><Pinball ObjId="357" Type="Pinball" Ver="2"><Type PropType="string">ProgramControlled</Type></Pinball><ProgramControlledContact ObjId="356" Type="ProgramControlledContact" Ver="2"><UpdateStiffness PropType="string">Never</UpdateStiffness><UseAutoElectricalConductance PropType="bool">true</UseAutoElectricalConductance><UseAutoNormalStiffness PropType="bool">true</UseAutoNormalStiffness><UseAutoThermalConductance PropType="bool">true</UseAutoThermalConductance></ProgramControlledContact></ContactRep><ContactRep ObjId="239" Type="ContactRep" Ver="3"><Behavior PropType="string">ProgramControlled</Behavior><Breakable PropType="string">No</Breakable><Caption PropType="string">Contact Region 10</Caption><CondensedPartId PropType="int">0</CondensedPartId><DecayConstant PropType="double">    0</DecayConstant><DetectionMethod PropType="string">ProgramControlled</DetectionMethod><DynamicCoefficient PropType="double">    0</DynamicCoefficient><Formulation PropType="string">ProgramControlledContact</Formulation><MaximumOffset PropType="double" UCat="Length" Unt="m">1e-007</MaximumOffset><Restitution PropType="double">    1</Restitution><Scoping PropType="vector&lt;string>">240,241</Scoping><ScopingSubset0 PropType="vector&lt;string>">240</ScopingSubset0><ScopingSubset1 PropType="vector&lt;string>">241</ScopingSubset1><SourceBodyIds PropType="vector&lt;unsigned int>">841,841</SourceBodyIds><StaticCoefficient PropType="double">    0</StaticCoefficient><TargetBodyIds PropType="vector&lt;unsigned int>">874,874</TargetBodyIds><TrimTolerance PropType="double" UCat="Length" Unt="m">2.559212953670987e-005</TrimTolerance><TrimType PropType="string">ProgramControlled</TrimType><Type PropType="string">Bonded</Type><UseAutoElasticSlipTolerance PropType="string">ProgramControlled</UseAutoElasticSlipTolerance><SourceReference ObjId="364" Type="CAERepBase" Ver="2"><ReferenceId PropType="unsigned int">842</ReferenceId><ReferenceType PropType="vector&lt;string>">Face,Plane</ReferenceType></SourceReference><SourceReference ObjId="365" Type="CAERepBase" Ver="2"><ReferenceId PropType="unsigned int">845</ReferenceId><ReferenceType PropType="vector&lt;string>">Face,Plane</ReferenceType></SourceReference><TargetReference ObjId="366" Type="CAERepBase" Ver="2"><ReferenceId PropType="unsigned int">879</ReferenceId><ReferenceType PropType="vector&lt;string>">Face,Plane</ReferenceType></TargetReference><TargetReference ObjId="367" Type="CAERepBase" Ver="2"><ReferenceId PropType="unsigned int">880</ReferenceId><ReferenceType PropType="vector&lt;string>">Face,Plane</ReferenceType></TargetReference><Pinball ObjId="363" Type="Pinball" Ver="2"><Type PropType="string">ProgramControlled</Type></Pinball><ProgramControlledContact ObjId="362" Type="ProgramControlledContact" Ver="2"><UpdateStiffness PropType="string">Never</UpdateStiffness><UseAutoElectricalConductance PropType="bool">true</UseAutoElectricalConductance><UseAutoNormalStiffness PropType="bool">true</UseAutoNormalStiffness><UseAutoThermalConductance PropType="bool">true</UseAutoThermalConductance></ProgramControlledContact></ContactRep><ContactRep ObjId="242" Type="ContactRep" Ver="3"><Behavior PropType="string">ProgramControlled</Behavior><Breakable PropType="string">No</Breakable><Caption PropType="string">Contact Region 11</Caption><CondensedPartId PropType="int">0</CondensedPartId><DecayConstant PropType="double">    0</DecayConstant><DetectionMethod PropType="string">ProgramControlled</DetectionMethod><DynamicCoefficient PropType="double">    0</DynamicCoefficient><Formulation PropType="string">ProgramControlledContact</Formulation><MaximumOffset PropType="double" UCat="Length" Unt="m">1e-007</MaximumOffset><Restitution PropType="double">    1</Restitution><Scoping PropType="vector&lt;string>">243,244</Scoping><ScopingSubset0 PropType="vector&lt;string>">243</ScopingSubset0><ScopingSubset1 PropType="vector&lt;string>">244</ScopingSubset1><SourceBodyIds PropType="vector&lt;unsigned int>">874,874</SourceBodyIds><StaticCoefficient PropType="double">    0</StaticCoefficient><TargetBodyIds PropType="vector&lt;unsigned int>">913,913</TargetBodyIds><TrimTolerance PropType="double" UCat="Length" Unt="m">2.559212953670987e-005</TrimTolerance><TrimType PropType="string">ProgramControlled</TrimType><Type PropType="string">Bonded</Type><UseAutoElasticSlipTolerance PropType="string">ProgramControlled</UseAutoElasticSlipTolerance><SourceReference ObjId="370" Type="CAERepBase" Ver="2"><ReferenceId PropType="unsigned int">876</ReferenceId><ReferenceType PropType="vector&lt;string>">Face,Plane</ReferenceType></SourceReference><SourceReference ObjId="371" Type="CAERepBase" Ver="2"><ReferenceId PropType="unsigned int">877</ReferenceId><ReferenceType PropType="vector&lt;string>">Face,Plane</ReferenceType></SourceReference><TargetReference ObjId="372" Type="CAERepBase" Ver="2"><ReferenceId PropType="unsigned int">910</ReferenceId><ReferenceType PropType="vector&lt;string>">Face,Plane</ReferenceType></TargetReference><TargetReference ObjId="373" Type="CAERepBase" Ver="2"><ReferenceId PropType="unsigned int">911</ReferenceId><ReferenceType PropType="vector&lt;string>">Face,Plane</ReferenceType></TargetReference><Pinball ObjId="369" Type="Pinball" Ver="2"><Type PropType="string">ProgramControlled</Type></Pinball><ProgramControlledContact ObjId="368" Type="ProgramControlledContact" Ver="2"><UpdateStiffness PropType="string">Never</UpdateStiffness><UseAutoElectricalConductance PropType="bool">true</UseAutoElectricalConductance><UseAutoNormalStiffness PropType="bool">true</UseAutoNormalStiffness><UseAutoThermalConductance PropType="bool">true</UseAutoThermalConductance></ProgramControlledContact></ContactRep><Convection ObjId="102" Type="Convection" Ver="2"><Caption PropType="string">Convection</Caption><ConvectionMatrix PropType="int">0</ConvectionMatrix><Scoping PropType="vector&lt;string>">103</Scoping><Type PropType="string">Surface</Type><LoadStep ObjId="382" Type="LoadStep" Ver="2"><ActiveBitmask PropType="vector&lt;int>">6,6,6,6</ActiveBitmask><IsActive PropType="vector&lt;bool>">true,true,true,true</IsActive><Number PropType="vector&lt;int>"/></LoadStep><Magnitude ObjId="383" Type="Table" Ver="2"><StepNumber PropType="vector&lt;int>">1,1,4</StepNumber><Time PropType="vector&lt;double>" UCat="Time" Unt="s">    0,    1,    4</Time><Values PropType="vector&lt;double>" UCat="Temperature" Unt="degree C">   22,   22,   22</Values></Magnitude><Scalar2 ObjId="384" Type="Table" Ver="2"><StepNumber PropType="vector&lt;int>">1,1,4</StepNumber><Time PropType="vector&lt;double>" UCat="Time" Unt="s">    0,    1,    4</Time><Values PropType="vector&lt;double>" UCat="FilmCoeff" Unt="W m^-2 degree C^-1">   25,   25,   25</Values></Scalar2></Convection><SurfaceHeatFlow ObjId="100" Type="HeatFlow" Ver="2"><Caption PropType="string">Heat Flow 4</Caption><Scoping PropType="vector&lt;string>">101</Scoping><LoadStep ObjId="380" Type="LoadStep" Ver="2"><ActiveBitmask PropType="vector&lt;int>">6,6,6,6</ActiveBitmask><IsActive PropType="vector&lt;bool>">false,false,false,true</IsActive><Number PropType="vector&lt;int>"/></LoadStep><Magnitude ObjId="381" Type="Table" Ver="2"><StepNumber PropType="vector&lt;int>">1,1,4</StepNumber><Time PropType="vector&lt;double>" UCat="Time" Unt="s">    0,    1,    4</Time><Values PropType="vector&lt;double>" UCat="HeatRate" Unt="W">  100,  100,  100</Values></Magnitude></SurfaceHeatFlow><SurfaceHeatFlow ObjId="94" Type="HeatFlow" Ver="2"><Caption PropType="string">Heat Flow</Caption><Scoping PropType="vector&lt;string>">95</Scoping><LoadStep ObjId="374" Type="LoadStep" Ver="2"><ActiveBitmask PropType="vector&lt;int>">6,6,6,6</ActiveBitmask><IsActive PropType="vector&lt;bool>">true,false,false,false</IsActive><Number PropType="vector&lt;int>"/></LoadStep><Magnitude ObjId="375" Type="Table" Ver="2"><StepNumber PropType="vector&lt;int>">1,1,4</StepNumber><Time PropType="vector&lt;double>" UCat="Time" Unt="s">    0,    1,    4</Time><Values PropType="vector&lt;double>" UCat="HeatRate" Unt="W">  100,  100,  100</Values></Magnitude></SurfaceHeatFlow><SurfaceHeatFlow ObjId="96" Type="HeatFlow" Ver="2"><Caption PropType="string">Heat Flow 2</Caption><Scoping PropType="vector&lt;string>">97</Scoping><LoadStep ObjId="376" Type="LoadStep" Ver="2"><ActiveBitmask PropType="vector&lt;int>">6,6,6,6</ActiveBitmask><IsActive PropType="vector&lt;bool>">false,true,false,false</IsActive><Number PropType="vector&lt;int>"/></LoadStep><Magnitude ObjId="377" Type="Table" Ver="2"><StepNumber PropType="vector&lt;int>">1,1,4</StepNumber><Time PropType="vector&lt;double>" UCat="Time" Unt="s">    0,    1,    4</Time><Values PropType="vector&lt;double>" UCat="HeatRate" Unt="W">  100,  100,  100</Values></Magnitude></SurfaceHeatFlow><SurfaceHeatFlow ObjId="98" Type="HeatFlow" Ver="2"><Caption PropType="string">Heat Flow 3</Caption><Scoping PropType="vector&lt;string>">99</Scoping><LoadStep ObjId="378" Type="LoadStep" Ver="2"><ActiveBitmask PropType="vector&lt;int>">6,6,6,6</ActiveBitmask><IsActive PropType="vector&lt;bool>">false,false,true,false</IsActive><Number PropType="vector&lt;int>"/></LoadStep><Magnitude ObjId="379" Type="Table" Ver="2"><StepNumber PropType="vector&lt;int>">1,1,4</StepNumber><Time PropType="vector&lt;double>" UCat="Time" Unt="s">    0,    1,    4</Time><Values PropType="vector&lt;double>" UCat="HeatRate" Unt="W">  100,  100,  100</Values></Magnitude></SurfaceHeatFlow></BCRep><GeometryAttributes ObjId="256" Type="GeometryAttributes" Ver="2"><AssemblyAttributes ObjId="257" Type="AssemblyAttributes" Ver="2"><ElementOptionControl PropType="string">ProgramControlled</ElementOptionControl><GeometrySource PropType="string">C:\Users\2saks\Desktop\Manoj\Sim_files\dp0\SYS\DM\SYS.agdb</GeometrySource><Is2DAnalysis PropType="bool">false</Is2DAnalysis><PartAttributes ObjId="194" Type="PartAttributes" Ver="2"><Caption PropType="string">CAD-2</Caption><Mass PropType="double" UCat="Mass" Unt="kg">7.285298780175356e-005</Mass><PartId PropType="unsigned int">701</PartId><BodyAttributes ObjId="195" Type="BodyAttributes" Ver="2"><AreNonLinearEffectsOn PropType="bool">true</AreNonLinearEffectsOn><BoundingBoxDiagonal PropType="double" UCat="Length" Unt="m">0.007655431880713099</BoundingBoxDiagonal><Caption PropType="string">CAD-2</Caption><ElementCoordSysId PropType="unsigned int">32</ElementCoordSysId><GeometryType PropType="string">Solid</GeometryType><Mass PropType="double" UCat="Mass" Unt="kg">7.285298780175356e-005</Mass><ProtoReferenceId PropType="unsigned int">730</ProtoReferenceId><StiffnessBehavior PropType="string">Deformable</StiffnessBehavior><ThermalStrainCalculation PropType="bool">true</ThermalStrainCalculation><MassMomentOfInertia ObjId="264" Type="MassMomentOfInertia" Ver="2"><Ixx PropType="double" UCat="MomentInertiaMass" Unt="kg m^2">3.390301173386083e-010</Ixx><Iyy PropType="double" UCat="MomentInertiaMass" Unt="kg m^2">1.569839830374127e-011</Iyy><Izz PropType="double" UCat="MomentInertiaMass" Unt="kg m^2">3.422947111032654e-010</Izz></MassMomentOfInertia><MaterialRep ObjId="263" Type="MaterialRep" Ver="2"><MaterialName PropType="string">Structural Steel</MaterialName><ReferenceTemperature PropType="double" UCat="Temperature" Unt="Celsius">   22</ReferenceTemperature><UnitSystem PropType="int">0</UnitSystem><UseReferenceTemperature PropType="bool">false</UseReferenceTemperature></MaterialRep><Centroid ObjId="265" Type="Point3D" Ver="3"><Coordinates PropType="vector&lt;double>" UCat="Length" Unt="m">0.003124999930150495,0.0002078074149981775,-2.38116787392314e-021</Coordinates></Centroid></BodyAttributes><MassMomentOfInertia ObjId="267" Type="MassMomentOfInertia" Ver="2"><Ixx PropType="double" UCat="MomentInertiaMass" Unt="kg m^2">3.390301173386083e-010</Ixx><Iyy PropType="double" UCat="MomentInertiaMass" Unt="kg m^2">1.569839830374127e-011</Iyy><Izz PropType="double" UCat="MomentInertiaMass" Unt="kg m^2">3.422947111032654e-010</Izz><CoordinateSystemRep ObjId="268" Type="CoordinateSystemRep" Ver="3"><Caption PropType="string">Undefined</Caption><CoordSystemIndex PropType="unsigned int">0</CoordSystemIndex><IsGlobal PropType="bool">false</IsGlobal><Param1 PropType="double">    1</Param1><Param2 PropType="double">    1</Param2><Singularity1 PropType="int">0</Singularity1><Singularity2 PropType="int">0</Singularity2><SolverCoordNumber PropType="unsigned int">0</SolverCoordNumber><Type PropType="string">Cartesian</Type><Matrix3X3 ObjId="269" Type="Matrix3X3" Ver="2"><IsOrthogonal PropType="bool">false</IsOrthogonal><Row0 PropType="vector&lt;double>">    1,    0,    0</Row0><Row1 PropType="vector&lt;double>">    0,    1,    0</Row1><Row2 PropType="vector&lt;double>">    0,    0,    1</Row2></Matrix3X3><Point3D ObjId="270" Type="Point3D" Ver="3"><Coordinates PropType="vector&lt;double>" UCat="Length" Unt="m">0.003124999930150495,0.0002078074149981775,-2.38116787392314e-021</Coordinates></Point3D></CoordinateSystemRep></MassMomentOfInertia><Centroid ObjId="266" Type="Point3D" Ver="3"><Coordinates PropType="vector&lt;double>" UCat="Length" Unt="m">0.003124999930150495,0.0002078074149981775,-2.38116787392314e-021</Coordinates></Centroid></PartAttributes><PartAttributes ObjId="197" Type="PartAttributes" Ver="2"><Caption PropType="string">CAD-2</Caption><Mass PropType="double" UCat="Mass" Unt="kg">7.285298780175357e-005</Mass><PartId PropType="unsigned int">703</PartId><BodyAttributes ObjId="198" Type="BodyAttributes" Ver="2"><AreNonLinearEffectsOn PropType="bool">true</AreNonLinearEffectsOn><BoundingBoxDiagonal PropType="double" UCat="Length" Unt="m">0.007655431880713099</BoundingBoxDiagonal><Caption PropType="string">CAD-2</Caption><ElementCoordSysId PropType="unsigned int">32</ElementCoordSysId><GeometryType PropType="string">Solid</GeometryType><Mass PropType="double" UCat="Mass" Unt="kg">7.285298780175357e-005</Mass><ProtoReferenceId PropType="unsigned int">769</ProtoReferenceId><StiffnessBehavior PropType="string">Deformable</StiffnessBehavior><ThermalStrainCalculation PropType="bool">true</ThermalStrainCalculation><MassMomentOfInertia ObjId="272" Type="MassMomentOfInertia" Ver="2"><Ixx PropType="double" UCat="MomentInertiaMass" Unt="kg m^2">3.390301173386083e-010</Ixx><Iyy PropType="double" UCat="MomentInertiaMass" Unt="kg m^2">1.569839830374148e-011</Iyy><Izz PropType="double" UCat="MomentInertiaMass" Unt="kg m^2">3.422947111032656e-010</Izz></MassMomentOfInertia><MaterialRep ObjId="271" Type="MaterialRep" Ver="2"><MaterialName PropType="string">Structural Steel</MaterialName><ReferenceTemperature PropType="double" UCat="Temperature" Unt="Celsius">   22</ReferenceTemperature><UnitSystem PropType="int">0</UnitSystem><UseReferenceTemperature PropType="bool">false</UseReferenceTemperature></MaterialRep><Centroid ObjId="273" Type="Point3D" Ver="3"><Coordinates PropType="vector&lt;double>" UCat="Length" Unt="m">0.001874999958090297,0.0002078074149981777,-1.488229921201962e-020</Coordinates></Centroid></BodyAttributes><MassMomentOfInertia ObjId="275" Type="MassMomentOfInertia" Ver="2"><Ixx PropType="double" UCat="MomentInertiaMass" Unt="kg m^2">3.390301173386083e-010</Ixx><Iyy PropType="double" UCat="MomentInertiaMass" Unt="kg m^2">1.569839830374148e-011</Iyy><Izz PropType="double" UCat="MomentInertiaMass" Unt="kg m^2">3.422947111032656e-010</Izz><CoordinateSystemRep ObjId="276" Type="CoordinateSystemRep" Ver="3"><Caption PropType="string">Undefined</Caption><CoordSystemIndex PropType="unsigned int">0</CoordSystemIndex><IsGlobal PropType="bool">false</IsGlobal><Param1 PropType="double">    1</Param1><Param2 PropType="double">    1</Param2><Singularity1 PropType="int">0</Singularity1><Singularity2 PropType="int">0</Singularity2><SolverCoordNumber PropType="unsigned int">0</SolverCoordNumber><Type PropType="string">Cartesian</Type><Matrix3X3 ObjId="277" Type="Matrix3X3" Ver="2"><IsOrthogonal PropType="bool">false</IsOrthogonal><Row0 PropType="vector&lt;double>">    1,    0,    0</Row0><Row1 PropType="vector&lt;double>">    0,    1,    0</Row1><Row2 PropType="vector&lt;double>">    0,    0,    1</Row2></Matrix3X3><Point3D ObjId="278" Type="Point3D" Ver="3"><Coordinates PropType="vector&lt;double>" UCat="Length" Unt="m">0.001874999958090297,0.0002078074149981777,-1.488229921201962e-020</Coordinates></Point3D></CoordinateSystemRep></MassMomentOfInertia><Centroid ObjId="274" Type="Point3D" Ver="3"><Coordinates PropType="vector&lt;double>" UCat="Length" Unt="m">0.001874999958090297,0.0002078074149981777,-1.488229921201962e-020</Coordinates></Centroid></PartAttributes><PartAttributes ObjId="200" Type="PartAttributes" Ver="2"><Caption PropType="string">CAD-2</Caption><Mass PropType="double" UCat="Mass" Unt="kg">7.285298780175357e-005</Mass><PartId PropType="unsigned int">705</PartId><BodyAttributes ObjId="201" Type="BodyAttributes" Ver="2"><AreNonLinearEffectsOn PropType="bool">true</AreNonLinearEffectsOn><BoundingBoxDiagonal PropType="double" UCat="Length" Unt="m">0.007655431880713099</BoundingBoxDiagonal><Caption PropType="string">CAD-2</Caption><ElementCoordSysId PropType="unsigned int">32</ElementCoordSysId><GeometryType PropType="string">Solid</GeometryType><Mass PropType="double" UCat="Mass" Unt="kg">7.285298780175357e-005</Mass><ProtoReferenceId PropType="unsigned int">808</ProtoReferenceId><StiffnessBehavior PropType="string">Deformable</StiffnessBehavior><ThermalStrainCalculation PropType="bool">true</ThermalStrainCalculation><MassMomentOfInertia ObjId="280" Type="MassMomentOfInertia" Ver="2"><Ixx PropType="double" UCat="MomentInertiaMass" Unt="kg m^2">3.390301173386083e-010</Ixx><Iyy PropType="double" UCat="MomentInertiaMass" Unt="kg m^2">1.569839830374148e-011</Iyy><Izz PropType="double" UCat="MomentInertiaMass" Unt="kg m^2">3.422947111032656e-010</Izz></MassMomentOfInertia><MaterialRep ObjId="279" Type="MaterialRep" Ver="2"><MaterialName PropType="string">Structural Steel</MaterialName><ReferenceTemperature PropType="double" UCat="Temperature" Unt="Celsius">   22</ReferenceTemperature><UnitSystem PropType="int">0</UnitSystem><UseReferenceTemperature PropType="bool">false</UseReferenceTemperature></MaterialRep><Centroid ObjId="281" Type="Point3D" Ver="3"><Coordinates PropType="vector&lt;double>" UCat="Length" Unt="m">0.0006249999860300988,0.0002078074149981778,-5.839530738430564e-021</Coordinates></Centroid></BodyAttributes><MassMomentOfInertia ObjId="283" Type="MassMomentOfInertia" Ver="2"><Ixx PropType="double" UCat="MomentInertiaMass" Unt="kg m^2">3.390301173386083e-010</Ixx><Iyy PropType="double" UCat="MomentInertiaMass" Unt="kg m^2">1.569839830374148e-011</Iyy><Izz PropType="double" UCat="MomentInertiaMass" Unt="kg m^2">3.422947111032656e-010</Izz><CoordinateSystemRep ObjId="284" Type="CoordinateSystemRep" Ver="3"><Caption PropType="string">Undefined</Caption><CoordSystemIndex PropType="unsigned int">0</CoordSystemIndex><IsGlobal PropType="bool">false</IsGlobal><Param1 PropType="double">    1</Param1><Param2 PropType="double">    1</Param2><Singularity1 PropType="int">0</Singularity1><Singularity2 PropType="int">0</Singularity2><SolverCoordNumber PropType="unsigned int">0</SolverCoordNumber><Type PropType="string">Cartesian</Type><Matrix3X3 ObjId="285" Type="Matrix3X3" Ver="2"><IsOrthogonal PropType="bool">false</IsOrthogonal><Row0 PropType="vector&lt;double>">    1,    0,    0</Row0><Row1 PropType="vector&lt;double>">    0,    1,    0</Row1><Row2 PropType="vector&lt;double>">    0,    0,    1</Row2></Matrix3X3><Point3D ObjId="286" Type="Point3D" Ver="3"><Coordinates PropType="vector&lt;double>" UCat="Length" Unt="m">0.0006249999860300988,0.0002078074149981778,-5.839530738430564e-021</Coordinates></Point3D></CoordinateSystemRep></MassMomentOfInertia><Centroid ObjId="282" Type="Point3D" Ver="3"><Coordinates PropType="vector&lt;double>" UCat="Length" Unt="m">0.0006249999860300988,0.0002078074149981778,-5.839530738430564e-021</Coordinates></Centroid></PartAttributes><PartAttributes ObjId="203" Type="PartAttributes" Ver="2"><Caption PropType="string">CAD-2</Caption><Mass PropType="double" UCat="Mass" Unt="kg">0.0005495000000000006</Mass><PartId PropType="unsigned int">707</PartId><BodyAttributes ObjId="204" Type="BodyAttributes" Ver="2"><AreNonLinearEffectsOn PropType="bool">true</AreNonLinearEffectsOn><BoundingBoxDiagonal PropType="double" UCat="Length" Unt="m">0.008831760956277994</BoundingBoxDiagonal><Caption PropType="string">CAD-2</Caption><ElementCoordSysId PropType="unsigned int">32</ElementCoordSysId><GeometryType PropType="string">Solid</GeometryType><Mass PropType="double" UCat="Mass" Unt="kg">0.0005495000000000006</Mass><ProtoReferenceId PropType="unsigned int">841</ProtoReferenceId><StiffnessBehavior PropType="string">Deformable</StiffnessBehavior><ThermalStrainCalculation PropType="bool">true</ThermalStrainCalculation><MassMomentOfInertia ObjId="288" Type="MassMomentOfInertia" Ver="2"><Ixx PropType="double" UCat="MomentInertiaMass" Unt="kg m^2">2.426958381303134e-009</Ixx><Iyy PropType="double" UCat="MomentInertiaMass" Unt="kg m^2">1.327958226007927e-009</Iyy><Izz PropType="double" UCat="MomentInertiaMass" Unt="kg m^2">3.388583314614085e-009</Izz></MassMomentOfInertia><MaterialRep ObjId="287" Type="MaterialRep" Ver="2"><MaterialName PropType="string">Structural Steel</MaterialName><ReferenceTemperature PropType="double" UCat="Temperature" Unt="Celsius">   22</ReferenceTemperature><UnitSystem PropType="int">0</UnitSystem><UseReferenceTemperature PropType="bool">false</UseReferenceTemperature></MaterialRep><Centroid ObjId="289" Type="Point3D" Ver="3"><Coordinates PropType="vector&lt;double>" UCat="Length" Unt="m">0.002499999944120395,-6.154617845557035e-020,-0.001499999983934536</Coordinates></Centroid></BodyAttributes><MassMomentOfInertia ObjId="291" Type="MassMomentOfInertia" Ver="2"><Ixx PropType="double" UCat="MomentInertiaMass" Unt="kg m^2">2.426958381303134e-009</Ixx><Iyy PropType="double" UCat="MomentInertiaMass" Unt="kg m^2">1.327958226007927e-009</Iyy><Izz PropType="double" UCat="MomentInertiaMass" Unt="kg m^2">3.388583314614085e-009</Izz><CoordinateSystemRep ObjId="292" Type="CoordinateSystemRep" Ver="3"><Caption PropType="string">Undefined</Caption><CoordSystemIndex PropType="unsigned int">0</CoordSystemIndex><IsGlobal PropType="bool">false</IsGlobal><Param1 PropType="double">    1</Param1><Param2 PropType="double">    1</Param2><Singularity1 PropType="int">0</Singularity1><Singularity2 PropType="int">0</Singularity2><SolverCoordNumber PropType="unsigned int">0</SolverCoordNumber><Type PropType="string">Cartesian</Type><Matrix3X3 ObjId="293" Type="Matrix3X3" Ver="2"><IsOrthogonal PropType="bool">false</IsOrthogonal><Row0 PropType="vector&lt;double>">    1,    0,    0</Row0><Row1 PropType="vector&lt;double>">    0,    1,    0</Row1><Row2 PropType="vector&lt;double>">    0,    0,    1</Row2></Matrix3X3><Point3D ObjId="294" Type="Point3D" Ver="3"><Coordinates PropType="vector&lt;double>" UCat="Length" Unt="m">0.002499999944120395,-6.154617845557035e-020,-0.001499999983934536</Coordinates></Point3D></CoordinateSystemRep></MassMomentOfInertia><Centroid ObjId="290" Type="Point3D" Ver="3"><Coordinates PropType="vector&lt;double>" UCat="Length" Unt="m">0.002499999944120395,-6.154617845557035e-020,-0.001499999983934536</Coordinates></Centroid></PartAttributes><PartAttributes ObjId="206" Type="PartAttributes" Ver="2"><Caption PropType="string">CAD-2</Caption><Mass PropType="double" UCat="Mass" Unt="kg">7.28529878017536e-005</Mass><PartId PropType="unsigned int">709</PartId><BodyAttributes ObjId="207" Type="BodyAttributes" Ver="2"><AreNonLinearEffectsOn PropType="bool">true</AreNonLinearEffectsOn><BoundingBoxDiagonal PropType="double" UCat="Length" Unt="m">0.007655431880713099</BoundingBoxDiagonal><Caption PropType="string">CAD-2</Caption><ElementCoordSysId PropType="unsigned int">32</ElementCoordSysId><GeometryType PropType="string">Solid</GeometryType><Mass PropType="double" UCat="Mass" Unt="kg">7.28529878017536e-005</Mass><ProtoReferenceId PropType="unsigned int">874</ProtoReferenceId><StiffnessBehavior PropType="string">Deformable</StiffnessBehavior><ThermalStrainCalculation PropType="bool">true</ThermalStrainCalculation><MassMomentOfInertia ObjId="296" Type="MassMomentOfInertia" Ver="2"><Ixx PropType="double" UCat="MomentInertiaMass" Unt="kg m^2">3.390301173386084e-010</Ixx><Iyy PropType="double" UCat="MomentInertiaMass" Unt="kg m^2">1.569839830374126e-011</Iyy><Izz PropType="double" UCat="MomentInertiaMass" Unt="kg m^2">3.422947111032655e-010</Izz></MassMomentOfInertia><MaterialRep ObjId="295" Type="MaterialRep" Ver="2"><MaterialName PropType="string">Structural Steel</MaterialName><ReferenceTemperature PropType="double" UCat="Temperature" Unt="Celsius">   22</ReferenceTemperature><UnitSystem PropType="int">0</UnitSystem><UseReferenceTemperature PropType="bool">false</UseReferenceTemperature></MaterialRep><Centroid ObjId="297" Type="Point3D" Ver="3"><Coordinates PropType="vector&lt;double>" UCat="Length" Unt="m">0.004374999902210692,0.0002078074149981777,1.088533885222008e-020</Coordinates></Centroid></BodyAttributes><MassMomentOfInertia ObjId="299" Type="MassMomentOfInertia" Ver="2"><Ixx PropType="double" UCat="MomentInertiaMass" Unt="kg m^2">3.390301173386084e-010</Ixx><Iyy PropType="double" UCat="MomentInertiaMass" Unt="kg m^2">1.569839830374126e-011</Iyy><Izz PropType="double" UCat="MomentInertiaMass" Unt="kg m^2">3.422947111032655e-010</Izz><CoordinateSystemRep ObjId="300" Type="CoordinateSystemRep" Ver="3"><Caption PropType="string">Undefined</Caption><CoordSystemIndex PropType="unsigned int">0</CoordSystemIndex><IsGlobal PropType="bool">false</IsGlobal><Param1 PropType="double">    1</Param1><Param2 PropType="double">    1</Param2><Singularity1 PropType="int">0</Singularity1><Singularity2 PropType="int">0</Singularity2><SolverCoordNumber PropType="unsigned int">0</SolverCoordNumber><Type PropType="string">Cartesian</Type><Matrix3X3 ObjId="301" Type="Matrix3X3" Ver="2"><IsOrthogonal PropType="bool">false</IsOrthogonal><Row0 PropType="vector&lt;double>">    1,    0,    0</Row0><Row1 PropType="vector&lt;double>">    0,    1,    0</Row1><Row2 PropType="vector&lt;double>">    0,    0,    1</Row2></Matrix3X3><Point3D ObjId="302" Type="Point3D" Ver="3"><Coordinates PropType="vector&lt;double>" UCat="Length" Unt="m">0.004374999902210692,0.0002078074149981777,1.088533885222008e-020</Coordinates></Point3D></CoordinateSystemRep></MassMomentOfInertia><Centroid ObjId="298" Type="Point3D" Ver="3"><Coordinates PropType="vector&lt;double>" UCat="Length" Unt="m">0.004374999902210692,0.0002078074149981777,1.088533885222008e-020</Coordinates></Centroid></PartAttributes><PartAttributes ObjId="209" Type="PartAttributes" Ver="2"><Caption PropType="string">CAD-2</Caption><Mass PropType="double" UCat="Mass" Unt="kg">0.0005495000000000016</Mass><PartId PropType="unsigned int">711</PartId><BodyAttributes ObjId="210" Type="BodyAttributes" Ver="2"><AreNonLinearEffectsOn PropType="bool">true</AreNonLinearEffectsOn><BoundingBoxDiagonal PropType="double" UCat="Length" Unt="m">0.008831760956277994</BoundingBoxDiagonal><Caption PropType="string">CAD-2</Caption><ElementCoordSysId PropType="unsigned int">32</ElementCoordSysId><GeometryType PropType="string">Solid</GeometryType><Mass PropType="double" UCat="Mass" Unt="kg">0.0005495000000000016</Mass><ProtoReferenceId PropType="unsigned int">913</ProtoReferenceId><StiffnessBehavior PropType="string">Deformable</StiffnessBehavior><ThermalStrainCalculation PropType="bool">true</ThermalStrainCalculation><MassMomentOfInertia ObjId="304" Type="MassMomentOfInertia" Ver="2"><Ixx PropType="double" UCat="MomentInertiaMass" Unt="kg m^2">2.426958381303134e-009</Ixx><Iyy PropType="double" UCat="MomentInertiaMass" Unt="kg m^2">1.327958226007927e-009</Iyy><Izz PropType="double" UCat="MomentInertiaMass" Unt="kg m^2">3.388583314614085e-009</Izz></MassMomentOfInertia><MaterialRep ObjId="303" Type="MaterialRep" Ver="2"><MaterialName PropType="string">Structural Steel</MaterialName><ReferenceTemperature PropType="double" UCat="Temperature" Unt="Celsius">   22</ReferenceTemperature><UnitSystem PropType="int">0</UnitSystem><UseReferenceTemperature PropType="bool">false</UseReferenceTemperature></MaterialRep><Centroid ObjId="305" Type="Point3D" Ver="3"><Coordinates PropType="vector&lt;double>" UCat="Length" Unt="m">0.002499999944120395,1.538654461389258e-020,0.001499999983934536</Coordinates></Centroid></BodyAttributes><MassMomentOfInertia ObjId="307" Type="MassMomentOfInertia" Ver="2"><Ixx PropType="double" UCat="MomentInertiaMass" Unt="kg m^2">2.426958381303134e-009</Ixx><Iyy PropType="double" UCat="MomentInertiaMass" Unt="kg m^2">1.327958226007927e-009</Iyy><Izz PropType="double" UCat="MomentInertiaMass" Unt="kg m^2">3.388583314614085e-009</Izz><CoordinateSystemRep ObjId="308" Type="CoordinateSystemRep" Ver="3"><Caption PropType="string">Undefined</Caption><CoordSystemIndex PropType="unsigned int">0</CoordSystemIndex><IsGlobal PropType="bool">false</IsGlobal><Param1 PropType="double">    1</Param1><Param2 PropType="double">    1</Param2><Singularity1 PropType="int">0</Singularity1><Singularity2 PropType="int">0</Singularity2><SolverCoordNumber PropType="unsigned int">0</SolverCoordNumber><Type PropType="string">Cartesian</Type><Matrix3X3 ObjId="309" Type="Matrix3X3" Ver="2"><IsOrthogonal PropType="bool">false</IsOrthogonal><Row0 PropType="vector&lt;double>">    1,    0,    0</Row0><Row1 PropType="vector&lt;double>">    0,    1,    0</Row1><Row2 PropType="vector&lt;double>">    0,    0,    1</Row2></Matrix3X3><Point3D ObjId="310" Type="Point3D" Ver="3"><Coordinates PropType="vector&lt;double>" UCat="Length" Unt="m">0.002499999944120395,1.538654461389258e-020,0.001499999983934536</Coordinates></Point3D></CoordinateSystemRep></MassMomentOfInertia><Centroid ObjId="306" Type="Point3D" Ver="3"><Coordinates PropType="vector&lt;double>" UCat="Length" Unt="m">0.002499999944120395,1.538654461389258e-020,0.001499999983934536</Coordinates></Centroid></PartAttributes></AssemblyAttributes></GeometryAttributes><ServiceRep ObjId="259" Type="ServiceRep" Ver="2"><CoordinateSystemRep ObjId="32" Type="CoordinateSystemRep" Ver="3"><Caption PropType="string">Global Coordinate System</Caption><CoordSystemIndex PropType="unsigned int">0</CoordSystemIndex><IsGlobal PropType="bool">true</IsGlobal><Param1 PropType="double">    1</Param1><Param2 PropType="double">    1</Param2><Singularity1 PropType="int">0</Singularity1><Singularity2 PropType="int">0</Singularity2><SolverCoordNumber PropType="int">0</SolverCoordNumber><Type PropType="string">Cartesian</Type><Matrix3X3 ObjId="311" Type="Matrix3X3" Ver="2"><IsOrthogonal PropType="bool">false</IsOrthogonal><Row0 PropType="vector&lt;double>">    1,    0,    0</Row0><Row1 PropType="vector&lt;double>">    0,    1,    0</Row1><Row2 PropType="vector&lt;double>">    0,    0,    1</Row2></Matrix3X3><Point3D ObjId="312" Type="Point3D" Ver="3"><Coordinates PropType="vector&lt;double>" UCat="Length" Unt="m">    0,    0,    0</Coordinates></Point3D></CoordinateSystemRep><ReferenceDataRep ObjId="313" Type="ReferenceDataRep" Ver="2"><BodyId PropType="vector&lt;unsigned int>">730,769,808,841,874,913,730,769,730,730,841,841,730,874,730,730,913,913,769,808,769,769,841,841,769,769,913,913,808,808,841,841,808,808,913,913,841,841,874,874,874,874,913,913,808,769,730,874,913,913,841,841,841,913,874,730,769,808,874,841,913,913,808,841</BodyId><PartId PropType="vector&lt;unsigned int>">701,703,705,707,709,711,701,703,701,701,707,707,701,709,701,701,711,711,703,705,703,703,707,707,703,703,711,711,705,705,707,707,705,705,711,711,707,707,709,709,709,709,711,711,705,703,701,709,711,711,707,707,707,711,709,701,703,705,709,707,711,711,705,707</PartId><RefId PropType="vector&lt;unsigned int>">119,120,121,122,123,124,125,126,127,128,129,130,131,132,133,134,135,136,137,138,139,140,141,142,143,144,145,146,147,148,149,150,151,152,153,154,155,156,157,158,159,160,161,162,163,164,165,166,167,168,169,170,171,172,173,174,175,176,177,178,179,180,181,182</RefId><RefType PropType="vector&lt;unsigned int>">1048576,1048576,1048576,1048576,1048576,1048576,96,96,96,96,96,96,96,96,96,96,96,96,96,96,96,96,96,96,96,96,96,96,96,96,96,96,96,96,96,96,96,96,96,96,96,96,96,96,160,160,160,160,96,96,96,96,96,96,96,96,96,96,96,96,96,96,96,96</RefType><RefValue PropType="vector&lt;unsigned int>">730,769,808,841,874,913,731,775,732,733,842,845,738,882,735,736,910,911,774,814,776,773,842,845,777,771,910,911,813,815,842,845,812,809,910,911,842,845,879,880,876,877,910,911,816,772,737,875,909,910,845,844,843,912,878,734,770,811,881,846,908,907,810,847</RefValue><Scoping PropType="vector&lt;string>">196,199,202,205,208,211,213,214,216,216,217,217,219,220,222,222,223,223,225,226,228,228,229,229,231,231,232,232,234,234,235,235,237,237,238,238,240,240,241,241,243,243,244,244,95,97,99,101,103,103,103,103,103,103,103,103,103,103,103,103,103,103,103,103</Scoping><Type PropType="vector&lt;unsigned int>">1,1,1,1,1,1,1,1,1,1,1,1,1,1,1,1,1,1,1,1,1,1,1,1,1,1,1,1,1,1,1,1,1,1,1,1,1,1,1,1,1,1,1,1,1,1,1,1,1,1,1,1,1,1,1,1,1,1,1,1,1,1,1,1</Type><UBID PropType="vector&lt;unsigned int>">195,198,201,204,207,210,195,198,195,195,204,204,195,207,195,195,210,210,198,201,198,198,204,204,198,198,210,210,201,201,204,204,201,201,210,210,204,204,207,207,207,207,210,210,201,198,195,207,210,210,204,204,204,210,207,195,198,201,207,204,210,210,201,204</UBID><UPID PropType="vector&lt;unsigned int>">194,197,200,203,206,209,194,197,194,194,203,203,194,206,194,194,209,209,197,200,197,197,203,203,197,197,209,209,200,200,203,203,200,200,209,209,203,203,206,206,206,206,209,209,200,197,194,206,209,209,203,203,203,209,206,194,197,200,206,203,209,209,200,203</UPID></ReferenceDataRep></ServiceRep></EngineeringRep><GeometryRep ObjId="262" Type="GeometryRep" Ver="2"><ActiveAssembly PropType="unsigned int">1</ActiveAssembly><PartsAssembly PropType="string">0000000000123838</PartsAssembly><Units PropType="string">m</Units></GeometryRep><MaterialLibraryRep ObjId="261" Type="MaterialLibraryRep" Ver="2"><FileName PropType="string">MatML.xml</FileName></MaterialLibraryRep><MeshRep ObjId="260" Type="MeshRep" Ver="2"><AssemblyMesh PropType="string">0000000033A26CB8</AssemblyMesh><Configuration PropType="unsigned int">245</Configuration><IndependentMesh PropType="string">IndependentMesh.bin</IndependentMesh><RigidBodyBehavior PropType="string">DimensionallyReduced</RigidBodyBehavior><Units PropType="string">m</Units></MeshRep><SolverRep ObjId="385" Type="SolverRep" Ver="2"><AnalysisType PropType="string">Transient</AnalysisType><PhysicsType PropType="string">Thermal</PhysicsType><SolverTargetName PropType="string">ANSYS</SolverTargetName><SolverThreadCommunicationPointerId PropType="string">0000000047146980</SolverThreadCommunicationPointerId><SolverUnits PropType="int">11</SolverUnits><UnknownPointerId PropType="string">0000000007795660</UnknownPointerId><ResultTrackers ObjId="388" Type="CAERepBase" Ver="2"><Temperature ObjId="36" Type="ResultTracker" Ver="2"><Caption PropType="string">Temperature - Global Maximum</Caption><ScopingMethod PropType="string">GlobalMax</ScopingMethod></Temperature><Temperature ObjId="37" Type="ResultTracker" Ver="2"><Caption PropType="string">Temperature - Global Minimum</Caption><ScopingMethod PropType="string">GlobalMin</ScopingMethod></Temperature></ResultTrackers><FEConnectorsRep ObjId="35" Type="FEConnectorsRep" Ver="2"><StepSelection PropType="int">0</StepSelection></FEConnectorsRep><FileManagementRep ObjId="387" Type="FileManagementRep" Ver="2"><SolverFileDirectory PropType="string"/><SolverFileRelativeDirectory PropType="string"/></FileManagementRep><ProcessControls ObjId="386" Type="ProcessControls" Ver="2"><DistributedSolve PropType="bool">true</DistributedSolve><IsLocal PropType="bool">true</IsLocal><IsRSMSolve PropType="bool">false</IsRSMSolve><ManualMemorySettings PropType="bool">false</ManualMemorySettings><MaxProcessors PropType="int">2</MaxProcessors></ProcessControls><AnalysisSettings CAEType="extObj"><TransientThermalSettings version="1.0"><StepControls version="1.0"><EndTime>1.</EndTime><TimeStepOptions version="1.0"><AutoTimeSteppingType><On><DefinedBy><Time><Initial>5.e-002</Initial><Minimum>5.e-002</Minimum><Maximum>0.2</Maximum></Time></DefinedBy></On></AutoTimeSteppingType></TimeStepOptions><NonlinearControls version="1.0"><Heat><ProgramControlled/></Heat><Temperature><ProgramControlled/></Temperature><LineSearch>ProgramControlled</LineSearch></NonlinearControls><OutputControls version="1.0"><Contact>false</Contact><ThermalFlux>true</ThermalFlux><TimePointsOptions>All</TimePointsOptions><MaxNumberofResultSets>1000</MaxNumberofResultSets><GeneralMisc>false</GeneralMisc><ResultSetsType>Auto</ResultSetsType><CacheResultsInMemoryType>Never</CacheResultsInMemoryType><StoreModalResult>ProgramControlled</StoreModalResult><ExpandResultFrom>ProgramControlled</ExpandResultFrom><ProgControlledExpansion>Unknown</ProgControlledExpansion><NodalForcesType>No</NodalForcesType><CalculateParticipationFactorResult>ProgramControlled</CalculateParticipationFactorResult><CombineResultFiles>ProgramControlled</CombineResultFiles><TimePointsOptions>All</TimePointsOptions><ResultSets></ResultSets></OutputControls><CreepControls version="1.0"><CreepActivation/><CreepLimitRatio>1.</CreepLimitRatio></CreepControls><NonlinearAdaptivityControls version="3.0"><NLADHasMesh>0.</NLADHasMesh><NLADNumSculptedLayers>2.</NLADNumSculptedLayers><NLADBoundaryAngle>15.</NLADBoundaryAngle><NLADRemeshingGradient>2.</NLADRemeshingGradient><NLADGlobalSizeRatio>1.</NLADGlobalSizeRatio><NLADEdgeSplitAngle>10.</NLADEdgeSplitAngle><NLADLocalSizeRatio>1.</NLADLocalSizeRatio></NonlinearAdaptivityControls><TimeIntegration>true</TimeIntegration><LoadCaseIdentifier></LoadCaseIdentifier></StepControls><StepControls version="1.0"><EndTime>2.</EndTime><TimeStepOptions version="1.0"><AutoTimeSteppingType>ProgramControlled</AutoTimeSteppingType></TimeStepOptions><NonlinearControls version="1.0"><Heat><ProgramControlled/></Heat><Temperature><ProgramControlled/></Temperature><LineSearch>ProgramControlled</LineSearch></NonlinearControls><OutputControls version="1.0"><Contact>false</Contact><ThermalFlux>true</ThermalFlux><TimePointsOptions>All</TimePointsOptions><MaxNumberofResultSets>1000</MaxNumberofResultSets><GeneralMisc>false</GeneralMisc><ResultSetsType>Auto</ResultSetsType><CacheResultsInMemoryType>Never</CacheResultsInMemoryType><StoreModalResult>ProgramControlled</StoreModalResult><ExpandResultFrom>ProgramControlled</ExpandResultFrom><ProgControlledExpansion>Unknown</ProgControlledExpansion><NodalForcesType>No</NodalForcesType><CalculateParticipationFactorResult>ProgramControlled</CalculateParticipationFactorResult><CombineResultFiles>ProgramControlled</CombineResultFiles><TimePointsOptions>All</TimePointsOptions><ResultSets></ResultSets></OutputControls><CreepControls version="1.0"><CreepActivation/><CreepLimitRatio>1.</CreepLimitRatio></CreepControls><NonlinearAdaptivityControls version="3.0"><NLADHasMesh>0.</NLADHasMesh><NLADNumSculptedLayers>2.</NLADNumSculptedLayers><NLADBoundaryAngle>15.</NLADBoundaryAngle><NLADRemeshingGradient>2.</NLADRemeshingGradient><NLADGlobalSizeRatio>1.</NLADGlobalSizeRatio><NLADEdgeSplitAngle>10.</NLADEdgeSplitAngle><NLADLocalSizeRatio>1.</NLADLocalSizeRatio></NonlinearAdaptivityControls><TimeIntegration>true</TimeIntegration><LoadCaseIdentifier></LoadCaseIdentifier></StepControls><StepControls version="1.0"><EndTime>3.</EndTime><TimeStepOptions version="1.0"><AutoTimeSteppingType>ProgramControlled</AutoTimeSteppingType></TimeStepOptions><NonlinearControls version="1.0"><Heat><ProgramControlled/></Heat><Temperature><ProgramControlled/></Temperature><LineSearch>ProgramControlled</LineSearch></NonlinearControls><OutputControls version="1.0"><Contact>false</Contact><ThermalFlux>true</ThermalFlux><TimePointsOptions>All</TimePointsOptions><MaxNumberofResultSets>1000</MaxNumberofResultSets><GeneralMisc>false</GeneralMisc><ResultSetsType>Auto</ResultSetsType><CacheResultsInMemoryType>Never</CacheResultsInMemoryType><StoreModalResult>ProgramControlled</StoreModalResult><ExpandResultFrom>ProgramControlled</ExpandResultFrom><ProgControlledExpansion>Unknown</ProgControlledExpansion><NodalForcesType>No</NodalForcesType><CalculateParticipationFactorResult>ProgramControlled</CalculateParticipationFactorResult><CombineResultFiles>ProgramControlled</CombineResultFiles><TimePointsOptions>All</TimePointsOptions><ResultSets></ResultSets></OutputControls><CreepControls version="1.0"><CreepActivation/><CreepLimitRatio>1.</CreepLimitRatio></CreepControls><NonlinearAdaptivityControls version="3.0"><NLADHasMesh>0.</NLADHasMesh><NLADNumSculptedLayers>2.</NLADNumSculptedLayers><NLADBoundaryAngle>15.</NLADBoundaryAngle><NLADRemeshingGradient>2.</NLADRemeshingGradient><NLADGlobalSizeRatio>1.</NLADGlobalSizeRatio><NLADEdgeSplitAngle>10.</NLADEdgeSplitAngle><NLADLocalSizeRatio>1.</NLADLocalSizeRatio></NonlinearAdaptivityControls><TimeIntegration>true</TimeIntegration><LoadCaseIdentifier></LoadCaseIdentifier></StepControls><StepControls version="1.0"><EndTime>4.</EndTime><TimeStepOptions version="1.0"><AutoTimeSteppingType>ProgramControlled</AutoTimeSteppingType></TimeStepOptions><NonlinearControls version="1.0"><Heat><ProgramControlled/></Heat><Temperature><ProgramControlled/></Temperature><LineSearch>ProgramControlled</LineSearch></NonlinearControls><OutputControls version="1.0"><Contact>false</Contact><ThermalFlux>true</ThermalFlux><TimePointsOptions>All</TimePointsOptions><MaxNumberofResultSets>1000</MaxNumberofResultSets><GeneralMisc>false</GeneralMisc><ResultSetsType>Auto</ResultSetsType><CacheResultsInMemoryType>Never</CacheResultsInMemoryType><StoreModalResult>ProgramControlled</StoreModalResult><ExpandResultFrom>ProgramControlled</ExpandResultFrom><ProgControlledExpansion>Unknown</ProgControlledExpansion><NodalForcesType>No</NodalForcesType><CalculateParticipationFactorResult>ProgramControlled</CalculateParticipationFactorResult><CombineResultFiles>ProgramControlled</CombineResultFiles><TimePointsOptions>All</TimePointsOptions><ResultSets></ResultSets></OutputControls><CreepControls version="1.0"><CreepActivation/><CreepLimitRatio>1.</CreepLimitRatio></CreepControls><NonlinearAdaptivityControls version="3.0"><NLADHasMesh>0.</NLADHasMesh><NLADNumSculptedLayers>2.</NLADNumSculptedLayers><NLADBoundaryAngle>15.</NLADBoundaryAngle><NLADRemeshingGradient>2.</NLADRemeshingGradient><NLADGlobalSizeRatio>1.</NLADGlobalSizeRatio><NLADEdgeSplitAngle>10.</NLADEdgeSplitAngle><NLADLocalSizeRatio>1.</NLADLocalSizeRatio></NonlinearAdaptivityControls><TimeIntegration>true</TimeIntegration><LoadCaseIdentifier></LoadCaseIdentifier></StepControls><SolverControls version="1.0"><SolverType><ProgramControlled/></SolverType><NonlinearFormulationType><ProgramControlled/></NonlinearFormulationType></SolverControls><SolverFileControls version="1.0"><SolverEngineType>ANSYS</SolverEngineType><SolverUnits>11</SolverUnits><SolverFilesDirectory>C:\Users\2saks\Desktop\Manoj\Sim_files\dp0\SYS\MECH\</SolverFilesDirectory><SolverJobname>file</SolverJobname><ScratchSolverFilesDirectory>C:\Users\2saks\Desktop\Manoj\_ProjectScratch\Scr3ED9\</ScratchSolverFilesDirectory><AdditionalList/><SaveANSYSDB>false</SaveANSYSDB><DeleteUnusedFiles>true</DeleteUnusedFiles><ResultFile>file.rth</ResultFile></SolverFileControls><RadiosityControls version="1.0"><Activation><Value>0</Value></Activation><FluxConvergence><Value>1.e-004</Value></FluxConvergence><MaxIteration><Value>1000</Value></MaxIteration><RadiosityTolerance><Value>0.1</Value></RadiosityTolerance><RadiosityRelaxation><Value>0.1</Value></RadiosityRelaxation><HemicubeResolution><Value>10</Value></HemicubeResolution><NumDivisions><Value>20</Value></NumDivisions><ViewHidden><Value>0</Value></ViewHidden><NumberZones><Value>200</Value></NumberZones></RadiosityControls><FractureControls version="1.0"><FractureSolverControls><CalculateMaterialForce>false</CalculateMaterialForce><CalculateTStress>false</CalculateTStress></FractureSolverControls></FractureControls></TransientThermalSettings></AnalysisSettings></SolverRep></CAERep>